{"account":"1134c8MyyJcSinwmbd1kpoDjfRrtEr4ad5WdnJy33k1","mint":"2c8KECcnxnVt4GM4nTyuX4kPzAkamGNvGE73VGrhX6cW","metadataAccount":"H695oM2AXskUaqkpB7fxQLcDsohD8x58QitNvPUzkKNY","metadata":{"key":4,"updateAuthority":"2gpBAeeEqCDGmr6xP54GHWNhy3y6TEx2NXawpnBrKCNk","mint":"2c8KECcnxnVt4GM4nTyuX4kPzAkamGNvGE73VGrhX6cW","data":{"name":"Gloom Punk #1717","symbol":"GLOOM","uri":"https://arweave.net/7R4q03aPGLzMzgiJ1OlsFeeJP-gxXyRZLRe_yheGmm8","sellerFeeBasisPoints":500,"creators":[{"address":"3frciHjiGNu3KQTNUMMS6f4vyuBNXTyLVVvTSSfXa76e","verified":1,"share":0},{"address":"3jGJHMaCMcz9miRJAHL7sPrkqDXLH3k1Rj8PNBAeimai","verified":0,"share":50},{"address":"DjuRrFGySq1C2ZfDja1ddGqeE4XT2FgtVsVamCMs2AAN","verified":0,"share":50}]},"primarySaleHappened":1,"isMutable":1}}