{"account":"9Hw92DkA9CvFMGcVygkH42a9FrerfotZa8MCdaZppA5p","mint":"2nckmDaykBxpQ93ZXs61UcSHLiYXXsK7m44h5Fyd6Dsa","metadataAccount":"FCwGvdptNH62vi9nYc6HqDKcs8gGs8g7TzkGrsmt2HUV","metadata":{"key":4,"updateAuthority":"FvTog3nBSyoDZZghBe8dcDZ7cary16yQyGPptc9u6rep","mint":"2nckmDaykBxpQ93ZXs61UcSHLiYXXsK7m44h5Fyd6Dsa","data":{"name":"Megalodon Rogue Shark Tooth","symbol":"ROGUEPRT","uri":"https://www.arweave.net/3PsgYf946c2jFV5fbj9zDpWLUvoWvTUdptXB5DcSkX0/","sellerFeeBasisPoints":410,"creators":[{"address":"FvTog3nBSyoDZZghBe8dcDZ7cary16yQyGPptc9u6rep","verified":1,"share":0},{"address":"AmivaqHeZBgUZkzEZ44Mi9zQJruExZMP4PVRYduFVkaS","verified":0,"share":100},{"address":"44kiGWWsSgdqPMvmqYgTS78Mx2BKCWzduATkfY4biU97","verified":0,"share":0}]},"primarySaleHappened":1,"isMutable":0}}