{"account":"9SsrwxrncgF2QXysWP9ikxupWCfHcDME7ucLJniiFQRC","mint":"2z513a6xQoSnZVd33QbP2LDP4ZR6iJTRv5rrwu5o4DnY","metadataAccount":"FjEwmnqVrk5RASiwddcsS8Sb4kgj4W5VRaJkiADgDrKe","metadata":{"key":4,"updateAuthority":"FgBJitQuxPwPr9cqLVe8dvSEpyX3GkRXo1pyR5sJvXXD","mint":"2z513a6xQoSnZVd33QbP2LDP4ZR6iJTRv5rrwu5o4DnY","data":{"name":"Dill The Seal #3198","symbol":"DILLSEAL","uri":"https://arweave.net/gu9UIMMKPSfthv4Nhdd0T_cMN1jnDaVqlIzRo7lJ-Oc","sellerFeeBasisPoints":500,"creators":[{"address":"Dn4z4UQuTaRJdELxwzT2mTQr9WE6BJhMH7mnzQjtz1x4","verified":1,"share":0},{"address":"776zpijkBjqoqPmU2hmjSzjn6F2gYUxjbX1xx4qiNg3V","verified":0,"share":50},{"address":"FgBJitQuxPwPr9cqLVe8dvSEpyX3GkRXo1pyR5sJvXXD","verified":0,"share":50}]},"primarySaleHappened":1,"isMutable":1}}