{"account":"9hrugMPXArLgRhoDBTCeCKAaYDKcBu5NMdE7xbwAoWNJ","mint":"3BkuYqHdmkJkyfYgkJpkQfEQ26vgHMWoLLRHpHNiSTRq","metadataAccount":"9fN3RSuZeHktULjUbofsTmtkJEHtUHLQNyD34DQi2PTh","metadata":{"key":4,"updateAuthority":"C5ruRv8VMhLL4WuSVH8jKFGBtbSUQCfFvbojKh7UfXq4","mint":"3BkuYqHdmkJkyfYgkJpkQfEQ26vgHMWoLLRHpHNiSTRq","data":{"name":"Stash #1920","symbol":"STASH","uri":"https://arweave.net/I814shQUr-3FQFK3cMqfdf_9GXLlsmddNbCdQUUktrE","sellerFeeBasisPoints":150,"creators":[{"address":"5f2CxUPMg2V8Y4iiEb6kuKe68E8YTaSm8KKLhqGxQp5J","verified":1,"share":0},{"address":"7R12unjmcESYPdCcMsQTQc5SL5cswZmJFreksUdyyzy1","verified":0,"share":100}]},"primarySaleHappened":1,"isMutable":1}}