{"account":"HzqMtkQY53hSCKaphGMrzDSRccM9aTxu1cHsn51UHGZ2","mint":"3dK29wMaszDbQ6oaYehbSjNp6XbhPFS3iDE35Ds81DsE","metadataAccount":"7nh8831D41oHWNZ7HW9w6J7KeBga7RwG9kgqPDbL3SfT","metadata":{"key":4,"updateAuthority":"B4YT5m5xUNaP5SkbGf4RL4yU1ky83ENALsj4ALv624M7","mint":"3dK29wMaszDbQ6oaYehbSjNp6XbhPFS3iDE35Ds81DsE","data":{"name":"Essence 52","symbol":"","uri":"https://arweave.net/T7Rc1Uotr-zT4AVscwlQTxVJbW7CYXZoqrZa8eki7sA","sellerFeeBasisPoints":420,"creators":[{"address":"G33QYaadYTLvuTo6Bdm3sgRRv9xmrETMc7x7QbeYRXDD","verified":1,"share":0},{"address":"3b9WZBWbYU5ozUCezGzB1EswQqKk7pUiM5U4N7dC9jZM","verified":0,"share":50},{"address":"7ih1KcSFrGR4cFLQJN54CXhdivLVA8WUDgLs8PvJe7S7","verified":0,"share":33},{"address":"8WAWnmKLEUq5NPTmhoNAg6ntFTfF6QAr4B4BJqhG1Tyq","verified":0,"share":17}]},"primarySaleHappened":1,"isMutable":1}}