{"account":"6uUbZQgR2tgsBaYHFa5HEPgHHorqtTGhXKEruz6shCnF","mint":"3uaj6FDKE4ANFfESc1rCb3oavG49WhYgMQ9BoCtkCgy6","metadataAccount":"12L99cYYtffrvaB1thnQSqJCNioYTTuAvJ3UyxrUiFbc","metadata":{"key":4,"updateAuthority":"CFNU4ZYjNbeMEPGDXFXHugwESLryjUptUgq6yXpLaLYX","mint":"3uaj6FDKE4ANFfESc1rCb3oavG49WhYgMQ9BoCtkCgy6","data":{"name":"Galaxy Mint Pass","symbol":"SBGMP","uri":"https://arweave.net/KBItoeYoCuTa_htoLIwxFGo4pVD2wHTXwHlDORodcaA","sellerFeeBasisPoints":750,"creators":[{"address":"BnWxyYXQig6hNCaHpvkdeUMBAP5g2EeGE3rtbdCy5UtS","verified":1,"share":0},{"address":"CFNU4ZYjNbeMEPGDXFXHugwESLryjUptUgq6yXpLaLYX","verified":0,"share":100}]},"primarySaleHappened":1,"isMutable":1}}