{"account":"HAQHendfuTSDvuwMnpXqgWbHxoNVHX7DiiktZSYwPbBF","mint":"48epzqLstyupiQTnFQfG5mqEsAAKQBFMWmdaHD6Jx6aB","metadataAccount":"HRKv9sxBM2CK8nnbD3R16uJAyLuzCsvMvsoJDnCuFUhs","metadata":{"key":4,"updateAuthority":"FvTog3nBSyoDZZghBe8dcDZ7cary16yQyGPptc9u6rep","mint":"48epzqLstyupiQTnFQfG5mqEsAAKQBFMWmdaHD6Jx6aB","data":{"name":"Megalodon Rogue Shark Tooth","symbol":"ROGUEPRT","uri":"https://www.arweave.net/3PsgYf946c2jFV5fbj9zDpWLUvoWvTUdptXB5DcSkX0/","sellerFeeBasisPoints":410,"creators":[{"address":"FvTog3nBSyoDZZghBe8dcDZ7cary16yQyGPptc9u6rep","verified":1,"share":0},{"address":"AmivaqHeZBgUZkzEZ44Mi9zQJruExZMP4PVRYduFVkaS","verified":0,"share":100},{"address":"44kiGWWsSgdqPMvmqYgTS78Mx2BKCWzduATkfY4biU97","verified":0,"share":0}]},"primarySaleHappened":1,"isMutable":0}}