{"account":"DVCHGoajdPtEvQmpQk67JhiSEe22jgjsh4WPsP7YaBYA","mint":"4y9Ldm6Aq4upLXjVP45V5kpvfyA3991AyvTsXxeFqimT","metadataAccount":"CJgSJxmD9Y3Djdma6VttLkcqiYyEVBDoHs9i1STk6brV","metadata":{"key":4,"updateAuthority":"BEATSpDvM1GNEQm2oF14nagESf1qGXDWCA65HDTiFaEE","mint":"4y9Ldm6Aq4upLXjVP45V5kpvfyA3991AyvTsXxeFqimT","data":{"name":"Levitate #9","symbol":"BEATS","uri":"https://arweave.net/5n9djzqadDGCO3u8MignCfqkJIs_8f8Dyydyyx3rs-c","sellerFeeBasisPoints":1000,"creators":[{"address":"7We2HFVfS5eGRANPv5xDiEG5aeZ3ThLGL6u7EkSbUsc1","verified":1,"share":0},{"address":"EEukoEdqjPJK1hBgP8cYrAEagGtKoGUWmkge58NvDHC5","verified":0,"share":80},{"address":"BEATSQznXxKeQCnfYXGkJcQSxWUM41oyvBZKFeXtL58J","verified":0,"share":20}]},"primarySaleHappened":1,"isMutable":1}}