{"account":"EJFvriArzAhVF3Gjv6w4PAa14YMVzAe3tMr1ujgiWeL1","mint":"5KoF9T67FsQVmgWu8owKW3K5F2WPQ2LBkfKcfiNVh3s2","metadataAccount":"7izxKnudfXDc1DbNRNDFQ6cFp7p2Muc63cVgkqZobVjX","metadata":{"key":4,"updateAuthority":"EgqxBkbNczXsgBmnkQ6VyKF6qRK446UGMgWhMed1L9c6","mint":"5KoF9T67FsQVmgWu8owKW3K5F2WPQ2LBkfKcfiNVh3s2","data":{"name":"EXCHANGE NOTIFICATION NFT","symbol":"","uri":"https://cdn.exchange.art/comm_token/issued_tokens_metadata/uri-1635716199845.json","sellerFeeBasisPoints":100,"creators":[]},"primarySaleHappened":0,"isMutable":1}}