{"account":"6XeAyfHFZym68PucU9Af4GqU8dnEh6KaQKfuBTUfJmA9","mint":"5oc94cPVRtEt5zov3Q61YdwoKg1HWDDucJZ2T2scpVqH","metadataAccount":"Hs688ceqpMRt6bgk1cZE4XQHvRz97vb2WP3JDyGyCDWz","metadata":{"key":4,"updateAuthority":"CeS4fWuRz44kUf5aHJZW62LD8GJkPabLsChA5Zn2rLiS","mint":"5oc94cPVRtEt5zov3Q61YdwoKg1HWDDucJZ2T2scpVqH","data":{"name":"Galactic Gecko #552","symbol":"GGSG","uri":"https://arweave.net/erjkGmT3ncC3f1OeVO4LHwuGADB_KmwPKJoFmPeQJyk","sellerFeeBasisPoints":500,"creators":[{"address":"FEg3mmpcrcRsVTuc2n3oghHpRvAtEJJau4KWjaPpLKcA","verified":1,"share":0},{"address":"B5MPcaEGNF3iZH5kLjPPfhy3ieXbQ8Cgb77zSZD6gNSn","verified":0,"share":11},{"address":"F8x4gCzXVWuMEskSwHMRPFh7eGtEtgfkQweb7tPNKSG3","verified":0,"share":37},{"address":"uVZUoHE3W7YExtqU6cP7Vygk48noZvrMJorpuvHn1d7","verified":0,"share":15},{"address":"6D7pCvdZxhPxys7awkt52DkHmFeLef1q9kpx58mq23xp","verified":0,"share":37}]},"primarySaleHappened":1,"isMutable":1}}