{"account":"BQosxV8eHPA4b2Hyucz5ANvUxRhxRMSMZijBnvxbrhRD","mint":"5TZcWNcg9DJaYh4mJ7uqE2Zr9dQRpxRvBrqQSs99Zo59","metadataAccount":"363RLFUk8HzoFECYruo882NPAxmyoZUnPytSHaiRczHo","metadata":{"key":4,"updateAuthority":"BEATSpDvM1GNEQm2oF14nagESf1qGXDWCA65HDTiFaEE","mint":"5TZcWNcg9DJaYh4mJ7uqE2Zr9dQRpxRvBrqQSs99Zo59","data":{"name":"Just A Feeling #21","symbol":"BEATS","uri":"https://arweave.net/VD_zdYAM6jRgh9_-UHkhobdInMM96QIokiXnFTdCE3k","sellerFeeBasisPoints":1000,"creators":[{"address":"7S78REH9LDKiAdpGaURynyH1wHRmSHu3us7pNa7n52UH","verified":1,"share":0},{"address":"63QREafrFpziY1Qy3azooj52Q8ZSStbZvAUijAuczHsu","verified":0,"share":80},{"address":"BEATSQznXxKeQCnfYXGkJcQSxWUM41oyvBZKFeXtL58J","verified":0,"share":20}]},"primarySaleHappened":1,"isMutable":1}}