{"account":"Ahy33QuPg5CePTv9FrEmujx7EyfHbqraTrAi9Qxw7uaY","mint":"5W2GCkheF3hSscqLsVn7K7USVbbrVpeyLRipuc8mgwZ","metadataAccount":"2q4o8eyW9HrjSdPety7FdqkMZaSvKhry1k5GgticrhcB","metadata":{"key":4,"updateAuthority":"7gbxCxJkWcop1FCoaHnB6JJaRjpnkMxJFNbqtTS8KJbD","mint":"5W2GCkheF3hSscqLsVn7K7USVbbrVpeyLRipuc8mgwZ","data":{"name":"Crypto Caveman #2823","symbol":"CAVEMEN","uri":"https://arweave.net:443/V2gO04w6uXHbhHpMNbp_eVCs_du7bAf4iySzapDzA1Q/1820.json","sellerFeeBasisPoints":200,"creators":[{"address":"7gbxCxJkWcop1FCoaHnB6JJaRjpnkMxJFNbqtTS8KJbD","verified":0,"share":100},{"address":"8eFAGtqnDMaWDh3Tq8EwVdW8SabpcGMVd5mtr1vb3C45","verified":0,"share":0}]},"primarySaleHappened":1,"isMutable":1}}