{"account":"4pfowpb4jBZDAPHFDwb8Ywak4N6LzjQyMYz9N5WYVfDA","mint":"6eMvuKiZFt13t2aJFoa6UUburwrfBAka99vjnHAykRBZ","metadataAccount":"GBfRPjecJ9PTtDYyXgqrQoMq4FCwSKmCvYYtgdGp8NRP","metadata":{"key":4,"updateAuthority":"DYWwMTH4J8Xr7qvpTjiQBjFbAqrDaHvdGqrhriLRrzxz","mint":"6eMvuKiZFt13t2aJFoa6UUburwrfBAka99vjnHAykRBZ","data":{"name":"Snek #6767","symbol":"","uri":"https://arweave.net/z3qEkTrO2sHAHXhI5O6QAlHXBQMEhiFgEGvEWaHlwgc","sellerFeeBasisPoints":0,"creators":[{"address":"AuTF3kgAyBzsfjGcNABTSzzXK4bVcZcyZJtpCrayxoVp","verified":1,"share":0},{"address":"E1bZ99d56AK9vCFq9Y5nC7ZVz2z8CcxVECsDTyZVksmS","verified":0,"share":100}]},"primarySaleHappened":1,"isMutable":1}}