{"account":"5uvHrRd517WsAYiVLNCCUrLqxoGEHCcjhEbMFtrJFq4S","mint":"6JboWUJ4QCj2FvnwyNSsCSs417Gv1oGHCwtraMa7My7B","metadataAccount":"BdKhNHV5CxsPat7c3rFnShaTTN5ad4iAAWVw3Js1Jz7H","metadata":{"key":4,"updateAuthority":"C5ruRv8VMhLL4WuSVH8jKFGBtbSUQCfFvbojKh7UfXq4","mint":"6JboWUJ4QCj2FvnwyNSsCSs417Gv1oGHCwtraMa7My7B","data":{"name":"PI #3461","symbol":"PI","uri":"https://arweave.net/6SGGUN3PnRRqa8x_gwBSST78I4psRwqUFAc-2-TTwiQ","sellerFeeBasisPoints":150,"creators":[{"address":"C5ruRv8VMhLL4WuSVH8jKFGBtbSUQCfFvbojKh7UfXq4","verified":1,"share":0},{"address":"7R12unjmcESYPdCcMsQTQc5SL5cswZmJFreksUdyyzy1","verified":0,"share":100}]},"primarySaleHappened":1,"isMutable":1}}