{"account":"6tedAXrTUsp3VFn434PMHbu3Ki4Y9edHHLCFiabbNbAW","mint":"6Tc1ry2cNSEck8ZTBgAUBtRxYhKRn7ch9q6QwK5b91av","metadataAccount":"8um58yPJWsv7JDg2nPTYFoLqiRB9Q5T2CkSxHeq1SWZd","metadata":{"key":4,"updateAuthority":"BEATSpDvM1GNEQm2oF14nagESf1qGXDWCA65HDTiFaEE","mint":"6Tc1ry2cNSEck8ZTBgAUBtRxYhKRn7ch9q6QwK5b91av","data":{"name":"We Just Need Time #26","symbol":"BEATS","uri":"https://arweave.net/f_sgl0f8g7MldpiZj0vdZ5Sx0GDIAGOrnoBObxb4vxg","sellerFeeBasisPoints":1000,"creators":[{"address":"GmdMzPVfWm9NZCctuXKURqViAqGE7DfYwNYbs83SENxJ","verified":1,"share":0},{"address":"EEukoEdqjPJK1hBgP8cYrAEagGtKoGUWmkge58NvDHC5","verified":0,"share":80},{"address":"BEATSQznXxKeQCnfYXGkJcQSxWUM41oyvBZKFeXtL58J","verified":0,"share":20}]},"primarySaleHappened":1,"isMutable":1}}