{"account":"6hTRPvTGQwSqMjJEBwmHAKHNzrE2o9Xo7DzvAeraVg91","mint":"7JFrVNDkT8vdVXa5kRNmLRhKFb3tk3UTSGUEpevaxriu","metadataAccount":"Df9KZmTHQFDSWgHDdchnUcHGL38wDuupwGUQCUVd7dwW","metadata":{"key":4,"updateAuthority":"B4YT5m5xUNaP5SkbGf4RL4yU1ky83ENALsj4ALv624M7","mint":"7JFrVNDkT8vdVXa5kRNmLRhKFb3tk3UTSGUEpevaxriu","data":{"name":"Essence 358","symbol":"","uri":"https://arweave.net/26kn50RkArTGF8F6atGvjxkxH1Jx6ElXal0WVvBDN4k","sellerFeeBasisPoints":420,"creators":[{"address":"G33QYaadYTLvuTo6Bdm3sgRRv9xmrETMc7x7QbeYRXDD","verified":1,"share":0},{"address":"3b9WZBWbYU5ozUCezGzB1EswQqKk7pUiM5U4N7dC9jZM","verified":0,"share":50},{"address":"7ih1KcSFrGR4cFLQJN54CXhdivLVA8WUDgLs8PvJe7S7","verified":0,"share":33},{"address":"8WAWnmKLEUq5NPTmhoNAg6ntFTfF6QAr4B4BJqhG1Tyq","verified":0,"share":17}]},"primarySaleHappened":1,"isMutable":1}}