{"account":"94XFYSJECsPX1rrguypVAy26b6uwSZ524tXSrrbaW9px","mint":"7VFnvJxzc5sQZbqcta7xiRd2hn2ZLsMRwcdrDbCqBuo4","metadataAccount":"GRcaS6ZdVGmqXZ84MVDQuXTiWkty6hN8bMoMsdSvxQTN","metadata":{"key":4,"updateAuthority":"FgBJitQuxPwPr9cqLVe8dvSEpyX3GkRXo1pyR5sJvXXD","mint":"7VFnvJxzc5sQZbqcta7xiRd2hn2ZLsMRwcdrDbCqBuo4","data":{"name":"Dill The Seal #894","symbol":"DILLSEAL","uri":"https://arweave.net/5PHAAnwH0rfRQAW2Dw7ekaAWY3Utu2p9OOrsrDAnrO4","sellerFeeBasisPoints":500,"creators":[{"address":"Dn4z4UQuTaRJdELxwzT2mTQr9WE6BJhMH7mnzQjtz1x4","verified":1,"share":0},{"address":"776zpijkBjqoqPmU2hmjSzjn6F2gYUxjbX1xx4qiNg3V","verified":0,"share":50},{"address":"FgBJitQuxPwPr9cqLVe8dvSEpyX3GkRXo1pyR5sJvXXD","verified":0,"share":50}]},"primarySaleHappened":1,"isMutable":1}}