{"account":"4pfM5vbbpiNfg6eJsYDzdqTUAnHvQGenoZmweuQLLJB7","mint":"827zh62RUs5mRmaCvzX92bfdU5VUZMXXHZAgB9uNMjmC","metadataAccount":"DucjZfnMnrGwxrCkeaszPhsYNxNfDKEcNQg8nCS4agk9","metadata":{"key":4,"updateAuthority":"BEATSpDvM1GNEQm2oF14nagESf1qGXDWCA65HDTiFaEE","mint":"827zh62RUs5mRmaCvzX92bfdU5VUZMXXHZAgB9uNMjmC","data":{"name":"Lazy Days #3","symbol":"BEATS","uri":"https://arweave.net/cGKwYbVwBphWBl-gOEqsaPVZE2DWoV8DWJHuHbhFIH0","sellerFeeBasisPoints":1000,"creators":[{"address":"5itDU4xtTSFj41bbKKLwJogCFJfeTXu6ntqBw2hPeHqt","verified":1,"share":0},{"address":"8RMMxGpxtzc88GgUdzCywJqtwP3Ea1tKDukWwdX1QWpj","verified":0,"share":80},{"address":"BEATSQznXxKeQCnfYXGkJcQSxWUM41oyvBZKFeXtL58J","verified":0,"share":20}]},"primarySaleHappened":1,"isMutable":1}}