{"account":"B3sxPaXCpYw2LdjbSjNF5qFwNBVijvg7foq9FzfMYCj8","mint":"8Mk958YviPsZpXwBZn8FvXWmBonwvkiUmPwmp1ZLc1V7","metadataAccount":"Jp5roM4NXM2v9SdJmWEhxbs76sd1YjStt6ym9tMYsiF","metadata":{"key":4,"updateAuthority":"BEATSpDvM1GNEQm2oF14nagESf1qGXDWCA65HDTiFaEE","mint":"8Mk958YviPsZpXwBZn8FvXWmBonwvkiUmPwmp1ZLc1V7","data":{"name":"Sparks","symbol":"PROMO","uri":"https://arweave.net/Hu38zfLOa1nK_MuVzZC4RqZsVuLUUgyjXoAw-CGnb18","sellerFeeBasisPoints":500,"creators":[{"address":"BH3niEt3y9qnwvsGruYhmMhMRibR7nCwNrp7sbEXsjTj","verified":1,"share":0},{"address":"AFb4cLyguyMoeoAaFQN8342xBA75fpZdAM5d3UKXTdU5","verified":0,"share":60},{"address":"BEATSQznXxKeQCnfYXGkJcQSxWUM41oyvBZKFeXtL58J","verified":0,"share":40}]},"primarySaleHappened":1,"isMutable":1}}