{"account":"CFapQH6Go1AZe5UEcd2k3WQKgSw5F3yktQ6hMgnzMWda","mint":"8SRvPuR8wS3VzaqM4UZ2AdaJoWW7DfAGoqJfPkheJjRu","metadataAccount":"J6ia7Wgo5pntkijs6F6BAc39EiVFrPKzFmixN54Y36cf","metadata":{"key":4,"updateAuthority":"CeS4fWuRz44kUf5aHJZW62LD8GJkPabLsChA5Zn2rLiS","mint":"8SRvPuR8wS3VzaqM4UZ2AdaJoWW7DfAGoqJfPkheJjRu","data":{"name":"Galactic Gecko #2322","symbol":"GGSG","uri":"https://arweave.net/WCNa7i-wMU9Zy2XqEsL-xZQS7o85eDMfmlWbSMwfejY","sellerFeeBasisPoints":500,"creators":[{"address":"FEg3mmpcrcRsVTuc2n3oghHpRvAtEJJau4KWjaPpLKcA","verified":1,"share":0},{"address":"B5MPcaEGNF3iZH5kLjPPfhy3ieXbQ8Cgb77zSZD6gNSn","verified":0,"share":11},{"address":"F8x4gCzXVWuMEskSwHMRPFh7eGtEtgfkQweb7tPNKSG3","verified":0,"share":37},{"address":"uVZUoHE3W7YExtqU6cP7Vygk48noZvrMJorpuvHn1d7","verified":0,"share":15},{"address":"6D7pCvdZxhPxys7awkt52DkHmFeLef1q9kpx58mq23xp","verified":0,"share":37}]},"primarySaleHappened":1,"isMutable":1}}