{"account":"5f2XJZHdwzkagyj7LNqZqWL5m9Q2TKxEMp18eFv3EjhQ","mint":"8tp9Dzdx4sHYLDh66csUTyrWAKnec8pVc2BoMNYC3bTg","metadataAccount":"pBi365MhTR4CxN7CvrGHphPHz7rHHmMkPziAASrJGxq","metadata":{"key":4,"updateAuthority":"eCP7BhWeFijSEwSPcYWKD9YY5g2nw7b7tXGxkbrjtYS","mint":"8tp9Dzdx4sHYLDh66csUTyrWAKnec8pVc2BoMNYC3bTg","data":{"name":"TheElementies #435","symbol":"ELM","uri":"https://arweave.net/ZJ8IB-XVj40mmilN2D0fvEkmEW6vuEkHjQBuQaSEgBo","sellerFeeBasisPoints":300,"creators":[{"address":"14SkcygsdByHkGejpYxNR1XznzKW4vv71tLaLxtvdMfT","verified":1,"share":0},{"address":"F5vvYNjsGUMvdNbmQeR5U7ixSBZa4qrpRj5LD8EjXzuJ","verified":0,"share":100}]},"primarySaleHappened":1,"isMutable":1}}