{"account":"8C9mZsZ9f1XwVSAwgXgFAxpkQXeTPP9BzRusNCZcxiUB","mint":"9CFmC3J6ksZM7KvxqnTGHs2q64JrSkLFo9rFxjDH5KkC","metadataAccount":"FhUBQ7B9pVWgbt3XEGRHyjmAzYY7xnxBnLBtjmPpcbhE","metadata":{"key":4,"updateAuthority":"H9eiJ9Sa6gZVytbMU4JUwzyLvkeBUmL5oguDhx3CUfEE","mint":"9CFmC3J6ksZM7KvxqnTGHs2q64JrSkLFo9rFxjDH5KkC","data":{"name":"Solana Birbs #1592","symbol":"","uri":"https://arweave.net/TkEFwWfkg49om4VWtWolCzZbcVk7NlslZgJbv10NQiE","sellerFeeBasisPoints":750,"creators":[{"address":"CUvafyJ61o578PiuLV6CmPzTdP13SPwbVAzBWDC2cMB9","verified":1,"share":0},{"address":"H9eiJ9Sa6gZVytbMU4JUwzyLvkeBUmL5oguDhx3CUfEE","verified":0,"share":100}]},"primarySaleHappened":1,"isMutable":1}}