{"account":"FVmVfpsM5KHeMMqeAFKrsssvgbvV33EYLMNpsH2GjqXf","mint":"9YER2ZepxXZCik5pB5cpg68Moq9AbmA19aLS5w8ZRtRn","metadataAccount":"8S9vEbSoHdR9DPorJTsLe6T6p8b1skRF5KfXHchZ5VnD","metadata":{"key":4,"updateAuthority":"BEATSpDvM1GNEQm2oF14nagESf1qGXDWCA65HDTiFaEE","mint":"9YER2ZepxXZCik5pB5cpg68Moq9AbmA19aLS5w8ZRtRn","data":{"name":"A New Dawn #009","symbol":"BEATS","uri":"https://arweave.net/MVLswMgZiAeQTQeiVVm8GWYrebBXW8lMKPhP47m6Ztg","sellerFeeBasisPoints":300,"creators":[{"address":"BzoFkAjJ47pcVqGBHYAat752Z7qMQceN12YUm2YYz9wH","verified":1,"share":0},{"address":"4MWsuQmRAbZqKQy9iktCEDLje6eTqAQFQ8K2ELdWEiTa","verified":0,"share":70},{"address":"BEATSQznXxKeQCnfYXGkJcQSxWUM41oyvBZKFeXtL58J","verified":0,"share":30}]},"primarySaleHappened":1,"isMutable":1}}