{"account":"4iBNpKCKBe8tpiSfqwNW9z28Rf4cRsjjA4fYm5XGHLVc","mint":"A6qNNYRCebWof6M5FqkrAGcXaKaaebKW2LxLVL3DaSWG","metadataAccount":"FjfVwrv9Enr9Eo92zvTh7LrWEi1bpnJvDt1pWTMmycag","metadata":{"key":4,"updateAuthority":"FvTog3nBSyoDZZghBe8dcDZ7cary16yQyGPptc9u6rep","mint":"A6qNNYRCebWof6M5FqkrAGcXaKaaebKW2LxLVL3DaSWG","data":{"name":"Megalodon Rogue Shark Tooth","symbol":"ROGUEPRT","uri":"https://www.arweave.net/3PsgYf946c2jFV5fbj9zDpWLUvoWvTUdptXB5DcSkX0/","sellerFeeBasisPoints":410,"creators":[{"address":"FvTog3nBSyoDZZghBe8dcDZ7cary16yQyGPptc9u6rep","verified":1,"share":0},{"address":"AmivaqHeZBgUZkzEZ44Mi9zQJruExZMP4PVRYduFVkaS","verified":0,"share":100},{"address":"44kiGWWsSgdqPMvmqYgTS78Mx2BKCWzduATkfY4biU97","verified":0,"share":0}]},"primarySaleHappened":1,"isMutable":0}}