{"account":"GprcAukGuuEgCxX3jfLrbuPoMXCZ2auVnzWvgCc8iBoW","mint":"AgqLakz5FqWjnLzDMsoeUvmcTwmwUYkZTH1VEg4WEgAE","metadataAccount":"GsWz4xwVggG9U1uwHYUrH76gYjaDEjEYaFJRBiSvUvPp","metadata":{"key":4,"updateAuthority":"gobYvGZVU1GWeyQDk1NMwV3nr6QYwN5RqJJ4bTMhJqu","mint":"AgqLakz5FqWjnLzDMsoeUvmcTwmwUYkZTH1VEg4WEgAE","data":{"name":"Goblin Experiment 5385","symbol":"GBLN","uri":"https://data.goblinlab.io/metadata/AgqLakz5FqWjnLzDMsoeUvmcTwmwUYkZTH1VEg4WEgAE/metadata.json?t=1636414362","sellerFeeBasisPoints":500,"creators":[{"address":"8AiGKiapXtTrpp5AYTuS51dfmpnE7L3RtoXaqZkfjEqh","verified":1,"share":0},{"address":"gobYvGZVU1GWeyQDk1NMwV3nr6QYwN5RqJJ4bTMhJqu","verified":0,"share":0},{"address":"3WCtz5RGa4U3MHQAammvfN6a4rjiujUZLZSYfepD3E6R","verified":0,"share":100}]},"primarySaleHappened":1,"isMutable":1}}