{"account":"76UPeR2KZc98TjvZVsAvJt5U3Ltjb6j1aUeFT6g3NnG9","mint":"AHPdBxLWroBN31RXFZ8vNyK6hCkKaegSpr2Zh1JxJEcH","metadataAccount":"BwmmkFSr1FTij8d6tZWsQgr7FEjtDd196hnk1G2jWRVW","metadata":{"key":4,"updateAuthority":"FgBJitQuxPwPr9cqLVe8dvSEpyX3GkRXo1pyR5sJvXXD","mint":"AHPdBxLWroBN31RXFZ8vNyK6hCkKaegSpr2Zh1JxJEcH","data":{"name":"Dill The Seal #3284","symbol":"DILLSEAL","uri":"https://arweave.net/4fljC8ymRqI2fsrn8gSPbfzB5Zinse8lyo_V7sQ9yUY","sellerFeeBasisPoints":500,"creators":[{"address":"Dn4z4UQuTaRJdELxwzT2mTQr9WE6BJhMH7mnzQjtz1x4","verified":1,"share":0},{"address":"776zpijkBjqoqPmU2hmjSzjn6F2gYUxjbX1xx4qiNg3V","verified":0,"share":50},{"address":"FgBJitQuxPwPr9cqLVe8dvSEpyX3GkRXo1pyR5sJvXXD","verified":0,"share":50}]},"primarySaleHappened":1,"isMutable":1}}