{"account":"47zQjiTeqx9UowM5HNX4J9V3zLU5szGWmh2XAfACUEWP","mint":"au1AaKFhNqVNU1Dm5gM5CfBdE2Dg4keeNm7dTHX1HWT","metadataAccount":"B1GGFFEfBvvWfvvrik5oRWHt3u3Q3sG2Vg7PuZ1eS57W","metadata":{"key":4,"updateAuthority":"BUMHapcWgV1KgW6aEVjUugsWBYeZMUocGkNEoQhxvUWa","mint":"au1AaKFhNqVNU1Dm5gM5CfBdE2Dg4keeNm7dTHX1HWT","data":{"name":"Cool Bean #100","symbol":"","uri":"https://arweave.net/PUihiU3dOsBk7rbrg-S49JYZCGAq1B2iv0xYmHeI4-4","sellerFeeBasisPoints":500,"creators":[{"address":"BUMHapcWgV1KgW6aEVjUugsWBYeZMUocGkNEoQhxvUWa","verified":1,"share":100}]},"primarySaleHappened":0,"isMutable":0}}