{"account":"Eg4iLhmghwsvuH7FhgHknhJv2CiY8EDePbi2nhwbFT1d","mint":"AvXEi27kaBgCmesTMRRqUVTdcfBTr7djP9gHBxMNEevL","metadataAccount":"C9Hqrd4vxgCUHwm7ziNTGoVfQZZzGPDZdNyrMrE5pDeX","metadata":{"key":4,"updateAuthority":"Fy12uCyo774xUuJCAtxfeYXYfKRybngmY5XkYAkjaYfG","mint":"AvXEi27kaBgCmesTMRRqUVTdcfBTr7djP9gHBxMNEevL","data":{"name":"Toasty Fox Egg","symbol":"TT","uri":"https://www.arweave.net/qHS_e5sGmTwlhwmZUNOr1E3m6fj8KXKzvP_DOe8l1pw","sellerFeeBasisPoints":600,"creators":[{"address":"ab4mEEYVZkE7gJeNrBmmiDWTxMgFg1x8VaduVBKKqeT","verified":1,"share":0},{"address":"Fivs9VjjKohuGiMYeKnfxx4syH1k7XokGDX1dDEz7qPG","verified":0,"share":50},{"address":"J59JnXXMvRjKJZ7y3fDGhdCX8ccLMB9BRAsrPy866eau","verified":0,"share":50}]},"primarySaleHappened":1,"isMutable":1}}