{"account":"3MUpKe9hdB2RR6FUL5uTgZPAobubbAn9UuZ6pJVQrCbi","mint":"B6GFyGhVxwAGxGiZUmGkQaXiTYEJv1JEAXaKN7Rzdnca","metadataAccount":"99LGgvZW2hWxTUCzGD92JHdACtGjGENyD3vX41XorMWK","metadata":{"key":4,"updateAuthority":"SoCkbQA7GBnSwuspWnMGyMA7BemQNjmK6o8NBnHWLZ2","mint":"B6GFyGhVxwAGxGiZUmGkQaXiTYEJv1JEAXaKN7Rzdnca","data":{"name":"Sockpass #6579","symbol":"Sockpass","uri":"https://arweave.net/IXameJRP3CaQaMl_WXER_dXDJWjcB5k8azQ5Yc1aMjI","sellerFeeBasisPoints":500,"creators":[{"address":"9NTiGTSLgigzksHxPhihKtSRzDsrFjJACYQw8b57V5ZC","verified":1,"share":0},{"address":"4mqHpXpLQH7nJan3YKBMLw8No7Xk8Pfmo3PhUzf44PEb","verified":0,"share":100}]},"primarySaleHappened":1,"isMutable":1}}