{"account":"Ab9BhJwC5hwakoD221gNZvGC1gCk48GgCj7rcavaPJPY","mint":"BXcPQNvjDZZ33X7LdVkLNh4DwAApBdahnpaVy5teabMd","metadataAccount":"2kLYydXis1Ug6RU8ntLMnfCszsEst2KnvoC3URNN16T4","metadata":{"key":4,"updateAuthority":"GqKcxYm7JkCRMVD1zTZQW52NDd4VsdERLX2gSfmd18sw","mint":"BXcPQNvjDZZ33X7LdVkLNh4DwAApBdahnpaVy5teabMd","data":{"name":"Irrelevant #2852","symbol":"","uri":"https://arweave.net/0_ZvxL3bY1m45iXb1gFwzsht2QcMOqahhfWEMaDomvE","sellerFeeBasisPoints":900,"creators":[{"address":"HymzbDjZqS3d2P41qPhxPNqCSwAtQjxrXAXWV5UbVEUf","verified":1,"share":0},{"address":"GqKcxYm7JkCRMVD1zTZQW52NDd4VsdERLX2gSfmd18sw","verified":0,"share":50},{"address":"H5eoYssV8hfFwg5PJMm4i12hoFPU4PtSbP21qLGzeAjV","verified":0,"share":50}]},"primarySaleHappened":1,"isMutable":1}}