{"account":"J11PLUdX3NCz7nQ7eWVhp45v37VCWZ37ZzQX5RiikMfw","mint":"CbnAnddxbCdWfJWk71imhHgjK3HReEQ7LTSRkxmytjAR","metadataAccount":"GZHKMGrbve7DnS6zXqvZBR4rzPSo6D16TuoWHAoGwoPt","metadata":{"key":4,"updateAuthority":"BEATSpDvM1GNEQm2oF14nagESf1qGXDWCA65HDTiFaEE","mint":"CbnAnddxbCdWfJWk71imhHgjK3HReEQ7LTSRkxmytjAR","data":{"name":"Ain't The Same #360","symbol":"BEATS","uri":"https://arweave.net/4hGDCgw0bDq66ePWrJzbxa7dMDeodilj1KgQ-rdeRXA","sellerFeeBasisPoints":1000,"creators":[{"address":"1DNYMLquzujgf345M7TmRd5LLzurybuZAtqteHmmJ6h","verified":1,"share":0},{"address":"BE9qXdefbJhbmTbe3211zGupBtwVDKEBSUBEtRjfF8T9","verified":0,"share":80},{"address":"BEATSQznXxKeQCnfYXGkJcQSxWUM41oyvBZKFeXtL58J","verified":0,"share":20}]},"primarySaleHappened":1,"isMutable":1}}