{"account":"BBBuUcoqhzFToHxJ24UQuneYWAtP2AefSEBjVJM61PNm","mint":"Ck8gURKaFXfxGjfTkXcZYgkNzWs87soH5HyopQgNYgVD","metadataAccount":"5tnbsKdBCkHVe6rVArQD9xGv3cwsh4D6d9XqbmqByFxt","metadata":{"key":4,"updateAuthority":"66N77eZuY52AcUd8gWAKB7ZyrVC5voDC9qn62WwXpdYb","mint":"Ck8gURKaFXfxGjfTkXcZYgkNzWs87soH5HyopQgNYgVD","data":{"name":"Ethereals 802","symbol":"","uri":"https://arweave.net/TbrAZ8iCTt0Yz-F0tN77CZoUykKo41Z_z4ZdPClUx5g","sellerFeeBasisPoints":400,"creators":[{"address":"GVDDzaWJ4JtDLTyJojcw61Y36y6tY92ssczZaLELFrs2","verified":1,"share":0},{"address":"3b9WZBWbYU5ozUCezGzB1EswQqKk7pUiM5U4N7dC9jZM","verified":0,"share":55},{"address":"7ih1KcSFrGR4cFLQJN54CXhdivLVA8WUDgLs8PvJe7S7","verified":0,"share":45}]},"primarySaleHappened":1,"isMutable":1},"nftMetadata":{"name":"Ethereals 802","symbol":"","image":"https://www.arweave.net/NhIH6AdxRiuOD35XyTH_aP_GNTw-6qhdXMHBaWBGRbU?ext=png","seller_fee_basis_points":400,"collection":{"name":"Ethereals","family":"EnigmaExpanses"},"properties":{"files":[{"uri":"https://www.arweave.net/NhIH6AdxRiuOD35XyTH_aP_GNTw-6qhdXMHBaWBGRbU?ext=png","type":"image/png"}],"creators":[{"address":"3b9WZBWbYU5ozUCezGzB1EswQqKk7pUiM5U4N7dC9jZM","share":55},{"address":"7ih1KcSFrGR4cFLQJN54CXhdivLVA8WUDgLs8PvJe7S7","share":45}]}},"purchasedDate":"10/12/2021, 10:51:07 PM","purchasedPrice":1500000000,"transactionData":[{"signature":"3FthS9XeWoNPpcGunV2ifw2sxK71DUbrxss8H2MgFStY3CoHzbfXaJbLnCrKNLsM4F4uNJVGqXrTX8PJFiD5K9cb","slot":101143676,"blockTime":"10/12/2021, 10:51:07 PM"},{"signature":"3Lq7ZzgjpNnvXDZCfBQL7nxpuxZopYV74dGE8fFf3yD2zcKCb37bMwPYwVo4qBsCW8JYoECtewQk45U3mxHsL2YA","slot":99889267,"blockTime":"10/5/2021, 4:33:11 PM"},{"signature":"4NN4UFScvEhY1bNELTiR3LBvNafkQHKZwaHE7X4KRt4ZZYAHedKiZ5AfUNfMKvWAvqH6ZHaJPB9fzbhqjLQXuYVn","slot":99888536,"blockTime":"10/5/2021, 4:26:10 PM"},{"signature":"LXp8YKkLdj6oTHvEW94q9PxV7N6q87KV7HfCDkrbEx6sox2DmzZHAUzRd1rynnbMsjYn486coY3y1bRC8x65mrv","slot":99468594,"blockTime":"10/3/2021, 12:00:32 AM"},{"signature":"3vx5BVpm3Y9aGMFyqtHQdVkt8Fud5P2HtqHeVVQ4dNBTmLpMw9sVBnzoArtwUEiaKbgeWsNuiVmd7t7jiwnFn7AR","slot":96428757,"blockTime":"9/13/2021, 9:59:58 PM"},{"signature":"21d5HAUxsyY7qu2CgJoYjpBeuejUUPDG75SEgnjcMJpod1xQY78VhiuJ16WvLZ5z7jCruuAej15ym21kBZuEcoDE","slot":96259222,"blockTime":"9/12/2021, 8:46:18 PM"}]}