{"account":"CAQ8YJ9ixJD1T1zCmMEaqdkSVSW8cpEwDczxBg4hCkfX","mint":"CsrQaoKFMJmiEyuGTspCx817XmfMbmusGH2pyvzAbYF9","metadataAccount":"C9tKdbw9Tj9avjBU4yp5LyXNmeNPQPKJAWdZoMVJDU4u","metadata":{"key":4,"updateAuthority":"54rN5cpxETZgeppE9oKDuCiQTibALy71yemRT1V6qsfG","mint":"CsrQaoKFMJmiEyuGTspCx817XmfMbmusGH2pyvzAbYF9","data":{"name":"Wormhole #192","symbol":"","uri":"https://arweave.net/MUlHui1hXArHrflwxKDnlBqGP1Cy-ox1cX8pMCJfWWg","sellerFeeBasisPoints":500,"creators":[{"address":"FDNuQCRQBiLPfsX96kwYJCerkiZNBASdSo1WpwajMMgg","verified":1,"share":0},{"address":"5cMP5Zi8gkKhpjYaKadNJ9NEJy6jkKHuRAMTncaBS1pc","verified":0,"share":100}]},"primarySaleHappened":1,"isMutable":1}}