{"account":"74ri451RhXPVYLGoF5F5xLN7vD6idGcE1r5XSYhNHuFy","mint":"DNtQe4fFDZKx84h9q1uKNSmu8crfAcvtJ5gmFsCdq3Ad","metadataAccount":"4VeiuyL8Yn6PXvZXmyAWK38gByPDYs6S7mzYBVscWpxK","metadata":{"key":4,"updateAuthority":"3hh8bFCymnULFUHKcMfQwGoF5Mt7p1pqBrUC3JHbYDiL","mint":"DNtQe4fFDZKx84h9q1uKNSmu8crfAcvtJ5gmFsCdq3Ad","data":{"name":"FAB PUNK #713","symbol":"FABP","uri":"https://gateway.pinata.cloud/ipfs/Qmeg4zgvU3m92AS496Ywuc9uYmhKV9xUmohoyTdtiKNPEp","sellerFeeBasisPoints":600,"creators":[{"address":"CUpfayqaoQjyNTrGUfkWspet1X1DmV8YuSY9pvGbAdMY","verified":0,"share":100},{"address":"3hh8bFCymnULFUHKcMfQwGoF5Mt7p1pqBrUC3JHbYDiL","verified":1,"share":0}]},"primarySaleHappened":1,"isMutable":1}}