{"account":"8Z6igyRSvySPCdZ5qfzUzU3BTVrKH53z3Cj7qgCGaipK","mint":"DpmF1Eju7dVwjU9An3gSLaXqmfAxLpDDCFbpivsGejNg","metadataAccount":"r5bFQ3NjqusDNCDTj1ekok48xhiwL8CprZMga24EMDj","metadata":{"key":4,"updateAuthority":"B4YT5m5xUNaP5SkbGf4RL4yU1ky83ENALsj4ALv624M7","mint":"DpmF1Eju7dVwjU9An3gSLaXqmfAxLpDDCFbpivsGejNg","data":{"name":"Essence 84","symbol":"","uri":"https://arweave.net/vkaCFQLCDD-K__wkQEBXQt9uw_GWStKnw8ijGctZpYc","sellerFeeBasisPoints":420,"creators":[{"address":"G33QYaadYTLvuTo6Bdm3sgRRv9xmrETMc7x7QbeYRXDD","verified":1,"share":0},{"address":"3b9WZBWbYU5ozUCezGzB1EswQqKk7pUiM5U4N7dC9jZM","verified":0,"share":50},{"address":"7ih1KcSFrGR4cFLQJN54CXhdivLVA8WUDgLs8PvJe7S7","verified":0,"share":33},{"address":"8WAWnmKLEUq5NPTmhoNAg6ntFTfF6QAr4B4BJqhG1Tyq","verified":0,"share":17}]},"primarySaleHappened":1,"isMutable":1}}