{"account":"ArKyw3Tk8dihXqgGPnCCq5ASWWy6sMBkr89gPwYRrAco","mint":"DZRY1T8TTGQBCtPSBYrmc1bL2uLPMhPxzuReaaDfG8tU","metadataAccount":"Gp6z7igbvYp3V2xdCxbjGEQi9ELPChBuWyRzFbipBsS5","metadata":{"key":4,"updateAuthority":"FvTog3nBSyoDZZghBe8dcDZ7cary16yQyGPptc9u6rep","mint":"DZRY1T8TTGQBCtPSBYrmc1bL2uLPMhPxzuReaaDfG8tU","data":{"name":"Megalodon Rogue Shark Tooth","symbol":"ROGUEPRT","uri":"https://www.arweave.net/3PsgYf946c2jFV5fbj9zDpWLUvoWvTUdptXB5DcSkX0/","sellerFeeBasisPoints":410,"creators":[{"address":"FvTog3nBSyoDZZghBe8dcDZ7cary16yQyGPptc9u6rep","verified":1,"share":0},{"address":"AmivaqHeZBgUZkzEZ44Mi9zQJruExZMP4PVRYduFVkaS","verified":0,"share":100},{"address":"44kiGWWsSgdqPMvmqYgTS78Mx2BKCWzduATkfY4biU97","verified":0,"share":0}]},"primarySaleHappened":1,"isMutable":0},"nftMetadata":{"name":"Megalodon Rogue Shark Tooth","symbol":"","description":"Millions of years ago, close relatives of the Great White Sharks roamed the seas. They were called Megalodons, which literally means “Big Tooth”. Enjoy this participatory collectible. If you choose, you can redeem your shark tooth for 15% off Rogue Sharks merchandise.","seller_fee_basis_points":409.99999999999994,"image":"https://www.arweave.net/_oDYT91APrEJkQoajLAkSFs_bsrv3erlEPzX5Wiwlro?ext=gif","external_url":"","properties":{"files":[{"uri":"https://www.arweave.net/_oDYT91APrEJkQoajLAkSFs_bsrv3erlEPzX5Wiwlro?ext=gif","type":"image/gif"}],"category":"image","creators":[{"address":"44kiGWWsSgdqPMvmqYgTS78Mx2BKCWzduATkfY4biU97","share":1},{"address":"AmivaqHeZBgUZkzEZ44Mi9zQJruExZMP4PVRYduFVkaS","share":99}]}},"purchasedDate":"10/13/2021, 10:07:25 AM","purchasedPrice":0,"transactionData":[{"signature":"2EpKa2bXrphcFTVZUKKdFBghEjapP9VKJ7QiZ4sEobpDuLJMXYZTgAqRQhqRQ15hgjLRzMLjFCaFFdEHkPM9P6qC","slot":101232544,"blockTime":"10/13/2021, 10:07:25 AM"},{"signature":"4LdybPHpK7Uu1WPm5URZAjWGwxR8StdZNfX9JcUSe9KZ31YyKwuQ8r1WNYpqXc4fjMww1a5nHKZEEWZr3rpMNEY9","slot":100655223,"blockTime":"10/10/2021, 5:13:39 AM"}]}