{"account":"EeDRdTaQf4BLsorPszL4DiGa8C373stzhwnGu1JhBjrJ","mint":"F38cmPXVtSDkhtoCKVV5QBRVyoiXbjatNh9rgQiMomfx","metadataAccount":"FJ55QaDZ5cjLqRZ3f1JemGcH6SAyo4XxwvKoMtDdntGG","metadata":{"key":4,"updateAuthority":"BEATSpDvM1GNEQm2oF14nagESf1qGXDWCA65HDTiFaEE","mint":"F38cmPXVtSDkhtoCKVV5QBRVyoiXbjatNh9rgQiMomfx","data":{"name":"First Flight #233","symbol":"BEATS","uri":"https://arweave.net/yvcWAdGZOsANxyobqFeLN0pgypcICtcNddPrNPjMJN8","sellerFeeBasisPoints":300,"creators":[{"address":"8mRpwq56ces8wvtCJFXLXSDNFNWh1Bwag44J8BrzMj2J","verified":1,"share":0},{"address":"GegakGoqgsvBLN6eF6DpZ1knXD5dxrkNTe3mev36UZzD","verified":0,"share":70},{"address":"BEATSQznXxKeQCnfYXGkJcQSxWUM41oyvBZKFeXtL58J","verified":0,"share":30}]},"primarySaleHappened":1,"isMutable":1}}