{"account":"HwFPATxqMbAjyzD77pAeHXwB7ECT1W89ZqjVLTjMcfS9","mint":"g4bavNU7DcqbgUNUuj5M9GZk6EGUTXhfDJhYq85bbob","metadataAccount":"DQgKEaWXiCdS2jWTdrFvEx6PdiMSCk9kAi89gnwHhQfD","metadata":{"key":4,"updateAuthority":"BhkRrJvNb7fXS1cThQZb3YedAZWG5zb5Bt7mcKRiWrFq","mint":"g4bavNU7DcqbgUNUuj5M9GZk6EGUTXhfDJhYq85bbob","data":{"name":"Belugie #1473","symbol":"BLGS","uri":"https://arweave.net/BwjsUgNMBds8yWsLFJJk3yEZYa3DCxdJqnw7D5MGl38","sellerFeeBasisPoints":500,"creators":[{"address":"AQCMcX7C2VrGXRWDiim6t78ZAUyVr1t5g7vmHXHRBLjA","verified":1,"share":0},{"address":"FZS444Et8F9e5kAmTNoNiHDkmj6998KAiKGxdi86Gi3K","verified":0,"share":100}]},"primarySaleHappened":1,"isMutable":1}}