{"account":"DPdomwM4TxovWQv1CJUbmiAUHWUEmPwSaXKayHCvJSWg","mint":"GwjSmuVZsaDYmH8ayZWZpnv7Ho3aFj878PFBpA452Ucc","metadataAccount":"GeGMyzPjRWHqShQksCKEaTrRv1EvDviLPtEQ8opCWTxT","metadata":{"key":4,"updateAuthority":"SockzfLeDHNHcqM71CMifzsGHVMFnyp6kYHLXJBwc6y","mint":"GwjSmuVZsaDYmH8ayZWZpnv7Ho3aFj878PFBpA452Ucc","data":{"name":"Wormfields #86","symbol":"","uri":"https://arweave.net/NJ-QzF8_Nhlzr2kaWY8F9Q3wA_kcwZwbzMY3DVpMO58","sellerFeeBasisPoints":500,"creators":[{"address":"4VCQjYY6dD46uk1oKCiuMRS4Xr1svKKZ7BBTCHD7H9oU","verified":1,"share":0},{"address":"FU6WCszfSbE2sbY5nf3RaZJhALLMVb2ZDSqG9bzZLk5z","verified":0,"share":100}]},"primarySaleHappened":1,"isMutable":1}}