{"account":"Fw9TxgNufseH3krvQJzAjVr9gdQz8f5q8BnvgnRDo85B","mint":"HkaDezUF8eEHZRkDbMJGCCxNVuLuDfQ6ABpADahLw36M","metadataAccount":"8JT7ajk1Yg5Lo9ZHQ43bbxqLuw7QWaFs9y1bvr5aBHAz","metadata":{"key":4,"updateAuthority":"5k8tdfGX9SeXMCgZoCWmdeBjD5TqY1FWPRnZ7XCq7qFs","mint":"HkaDezUF8eEHZRkDbMJGCCxNVuLuDfQ6ABpADahLw36M","data":{"name":"Enigma Crystal #191","symbol":"GGSG","uri":"https://arweave.net/isPeNOQRQ08tYF9CImaClViXA3W6DGM__cX6zv4TSjY","sellerFeeBasisPoints":500,"creators":[{"address":"AhMebvPBpYiZCLk7QiRn6cHWwyrGLKw4QKTAWRrNGsoL","verified":1,"share":0},{"address":"GEky9DoicNUpZv2oWo3wRhCe3pJ3m3VWPMDFEgxxDGVk","verified":0,"share":20},{"address":"F8x4gCzXVWuMEskSwHMRPFh7eGtEtgfkQweb7tPNKSG3","verified":0,"share":37},{"address":"6MNBhhhos295PmjUVTWQPQHrKJWMcF2LErJLLSSfDe9J","verified":0,"share":18},{"address":"GUC8xez2URn4BgaeWGLpjA22vqxsh2mtEy3kD4k4toQj","verified":0,"share":25}]},"primarySaleHappened":1,"isMutable":1}}