{"account":"CbvbK8tU6CWmTopgv5zLt2R6Eb6J1ZtwaAbfWyZuvD1W","mint":"J3Rn3Yi46VqvBPCHoaRDiY3BDYkitDbnGBaNcXLb7573","metadataAccount":"72p4XKEGKgh1G1Z4dnC5dExQgkbdutWknJA85EufXDKt","metadata":{"key":4,"updateAuthority":"SkuzENL6Gu3i68TAVxhJ8V6bcLxrz5xgwqXy9D9XzHT","mint":"J3Rn3Yi46VqvBPCHoaRDiY3BDYkitDbnGBaNcXLb7573","data":{"name":"Skellies #7197","symbol":"SKULL","uri":"https://arweave.net/6LB2h8eEXuyro_793j0oI1xSheuE0WVHZkaBXkBNZh0","sellerFeeBasisPoints":500,"creators":[{"address":"3Xcx8sRkvXoWUPYiZr55FV6DAsSS9reuDjFT1YjkvbCf","verified":1,"share":0},{"address":"CpvHujvbSJ9btvPmP5FUKC8QpGM8AQjFk7uLJSsomoH2","verified":0,"share":85},{"address":"BQ6FxfRVDWKUVeqD9uHFqBjebJ9Um8RVzPTPZ1bBoByU","verified":0,"share":15},{"address":"SkuzENL6Gu3i68TAVxhJ8V6bcLxrz5xgwqXy9D9XzHT","verified":1,"share":0}]},"primarySaleHappened":1,"isMutable":1}}