{"account":"6hFoLF9wcTNNsuJpcgz1UfQTBugLrDNFfrRJJsnuWQZg","mint":"yDMDXVH1LkE3uZnEkKneZbkPeqRFPYjieNj22YK776G","metadataAccount":"9bSGifiQu9VYYU4Sm75adBt4qsjUi4VwaPVWNvmAN7hg","metadata":{"key":4,"updateAuthority":"FvTog3nBSyoDZZghBe8dcDZ7cary16yQyGPptc9u6rep","mint":"yDMDXVH1LkE3uZnEkKneZbkPeqRFPYjieNj22YK776G","data":{"name":"Megalodon Rogue Shark Tooth","symbol":"ROGUEPRT","uri":"https://www.arweave.net/3PsgYf946c2jFV5fbj9zDpWLUvoWvTUdptXB5DcSkX0/","sellerFeeBasisPoints":410,"creators":[{"address":"FvTog3nBSyoDZZghBe8dcDZ7cary16yQyGPptc9u6rep","verified":1,"share":0},{"address":"AmivaqHeZBgUZkzEZ44Mi9zQJruExZMP4PVRYduFVkaS","verified":0,"share":100},{"address":"44kiGWWsSgdqPMvmqYgTS78Mx2BKCWzduATkfY4biU97","verified":0,"share":0}]},"primarySaleHappened":1,"isMutable":0}}